Origen,Destino,Total
lacaixa.es,aqualogy.net,10
lacaixa.es,coface.com,4
lacaixa.es,ayto-fuenlabrada.es,1
lacaixa.es,cedinsa.net,1
lacaixa.es,ilurogest.com,2
lacaixa.es,adecco.com,4
lacaixa.es,bccabogados.com,1
lacaixa.es,fnac.es,3
gruposantander.com,invercaixa.es,2
lacaixa.es,conservasantonio.com,4
lacaixa.es,fonditel.es,3
lacaixa.es,mhaherrajes.es,2
lacaixa.es,gcelsa.com,17
lacaixa.es,meroil.es,3
lacaixa.es,pamic.net,2
lacaixa.es,caixarenting.es,2
lacaixa.es,kernpharma.com,1
proveedorexterno.com,everis.com,1
lacaixa.es,ext.cemex.com,1
lacaixa.es,cabtfe.es,1
lacaixa.es,garrigues.com,2
lacaixa.es,fundacionaliciakoplowitz.org,1
lacaixa.es,e-vth.com,2
lacaixa.es,terra.com,1
invercaixa.es,invercaixa.es;l,2
lacaixa.es,1001neumaticos.es,2
lacaixa.es,la,2
lacaixa.es,es.issworld.com,3
lacaixa.es,enisa.es,2
lacaixa.es,opplus.bbva.com;e.aljar,1
lacaixa.es,cincodias.es,1
glc.es,externos.itnow.es,22
lacaixa.es,ac-hotels.com,2
lacaixa.es,iglesianavarra.org,2
lacaixa.es,es.nestle.com,5
lacaixa.es,vidacaixa.com,22
lacaixa.es,centregestor.es,3
lacaixa.es,grupserhs.com,1
lacaixa.es,vi,2
lacaixa.es,yodeyma.com,2
lacaixa.es,lacaixa.es,129
lacaixa.es,pms.es,2
lacaixa.es,terra.es,2
viajeseci.es,caixacard.net,2
lacaixa.es,izasa.es,2
lacaixa.es,inforpen.com,1
lacaixa.es,ono.es,2
lacaixa.es,ceal9.com,1
segurcaixaholding.com,hp.com,9
lacaixa.es,accenture.com,55
lacaixa.es,danone.com;,3
lacaixa.es,gasnatural.com,25
lacaixa.es,tf7mnasr02.lacaixa.es,1
tecnocom.es,itnow.es,1
lacaixa.es,gcelsa.com;silvia.m,2
dinersclub.es,caixacard.net,2
lacaixa.es,aragruser.com,1
lacaixa.es,lipsa.es,3
lacaixa.es,expogrupo.com,2
lacaixa.es,swissport.com,1
lacaixa.es,aexp.com,4
lacaixa.es,gmauditors.com,1
externos.itnow.es,itnow.es,1
lacaixa.es,hp.com;,1
silk.es,externos.itnow.es,6
lacaixa.es,alterabogados.es,1
lacaixa.es,empark.es,1
lacaixa.es,aliable.com,1
es.ing.com,invercaixa.es,1
lacaixa.es,proveedorexterno,3
lacaixa.es,lacaixa,2
lacaixa.es,cemitec.com,1
lacaixa.es,caritas.es,1
lacaixa.es,isoluxcorsan.com,2
lacaixa.es,carretillesgirona.com,2
externos.itnow.es,externos.itnow.es,2
lacaixa.es,capgemini.com,5
euro6000.es,caixacard.net,4
lacaixa.es,burberry.com,4
lacaixa.es,ebrofoods.es,4
lacaixa.es,contadret.com,2
lacaixa.es,es.pwc.com,1
lacaixa.es,nutrexpa.es,1
lacaixa.es,indukern.es,2
lacaixa.es,almelaabogados.com,2
lacaixa.es,wanadoo.es,2
lacaixa.es,mazantini.com,2
lacaixa.es,caser.es,3
lacaixa.es,notariabeasain.com,2
bt.com,externos.itnow.es,3
lacaixa.es,cap,1
wellsfargo.com,invercaixa.es,2
itnow.es,externos.itnow.es,10
lacaixa.es,gorriz-arias.com,69
lacaixa.es,myinmobiliaria.es,2
lacaixa.es,proveedorexterno.vidacaixa.es,2
lacaixa.es,campofriofg.com,2
lacaixa.es,ferrergrupo.com;,1
lacaixa.es,iesso.com,4
lacaixa.es,aresa.es,3
lacaixa.es,epi.es,7
lacaixa.es,deloitte.es,2
lacaixa.es,elche.cgpe.net,2
lacaixa.es,vodafone.es,5
lacaixa.es,fcc.es,6
lacaixa.es,anticimex.com.es,1
lacaixa.es,opentrends.net,2
lacaixa.es,finconsum.es,6
lacaixa.es,diagroup.com,4
segurcaixaholding.com,tecnocom.es,3
lacaixa.es,damm.es,2
lacaixa.es,santiagoturismo.com,4
lacaixa.es,everis.int;nerea.garcia.s,15
lacaixa.es,us.es,1
lacaixa.es,cepsa.com,1
lacaixa.es,csc.cemolins.es,2
silk.es,itnow.es,4
lacaixa.es,bancacivica.es,1
lacaixa.es,diagonalgest.com,2
lacaixa.es,emmasa.es,2
lacaixa.es,laseda.es,2
lacaixa.es,eatout.es,5
lacaixa.es,externos.itnow.es,14
lacaixa.es,es.ey.com,2
lacaixa.es,policlinicosanmiguel.com,2
lacaixa.es,itnow.es,16
lacaixa.es,msm.com,4
caam.net,lacaixa.es,25
lacaixa.es,despacho.notariado.org,2
lacaixa.es,outlook.com,5
lacaixa.es,jlmarca.com,2
lacaixa.es,servosa.com,6
lacaixa.es,telefonica.es;david.garci,4
lacaixa.es,proveedorexterno.com;david.ga,1
lacaixa.es,tecnocom.es,16
lacaixa.es,maxam.net,28
lacaixa.es,segovia.es,1
lacaixa.es,danone.com,4
tecnocom.es,lacaixa.es,4
lacaixa.es,telefonica.net,7
lacaixa.es,telvent.com,4
lacaixa.es,hp.,2
lacaixa.es,externos.itnow.es;,1
lacaixa.es,cotasp01.lacaixa.es,5
lacaixa.es,nmisa.es,2
lacaixa.es,caixacard.net,10
lacaixa.es,dhl.com,1
lacaixa.es,ujitsu.com,1
lacaixa.es,collelldevall.cat,1
lacaixa.es,gestoriacoll.com,30
lacaixa.es,gobierrnodecanarias.org,1
lacaixa.es,ferrol.es,2
lacaixa.es,iberdrola.es,9
lacaixa.es,montblanclogistics.com,1
lacaixa.es,nh-hotels.com,2
lacaixa.es,agbar.net,3
lacaixa.es,serviabertis.com,4
lacaixa.es,eurovillas.es,3
elacaixa.com,ts.fujitsu.com,12
bnpparibas.com,invercaixa.es,8
lacaixa.es,o2.pl,4
lacaixa.es,gdscusa.es,99
lacaixa.es,geaperona.com,7
lacaixa.es,adif.es,1
lacaixa.es,yahoo.com,2
lacaixa.es,eulen.com,3
capgemini.com,capgemini.com,1
lacaixa.es,culleredo.org,1
promocaixa.es,everis.com,4
lacaixa.es,planeta.es,12
lacaixa.es,itadbp01.ia.lacaixa.es,3
mrxasp13.lacaixa.es,everis.com,3
lacaixa.es,endesa.es,2
lacaixa.es,lacaixa.es;informaci,2
lacaixa.es,xtec.cat,1
indra.es,indra.es,2
lacaixa.es,ciseurope.eu,1
lacaixa.es,hpcds.com,2
lacaixa.es,svalero.es,1
lacaixa.es,vidacaixa.com;d,2
lacaixa.es,servihabitat.com,9
lacaixa.es,servisama.com,4
itnow.es,lacaixa.es,2
lacaixa.es,externos.avivasc.es,2
lacaixa.es,ferrovial.com,9
lacaixa.es,tinsa.es,32
lacaixa.es,msn.com,5
lacaixa.es,ohl.es,2
lacaixa.es,covalco.es,5
lacaixa.es,icab.es,2
lacaixa.es,grupocopisa.com,19
lacaixa.es,assessorsassociats.com,56
lacaixa.es,acsa.es,4
lacaixa.es,axa.es,14
lacaixa.es,kautec.net,1
lacaixa.es,parlamento-navarra.es,1
lacaixa.es,corpcld.com,7
lacaixa.es,ortizreed.com,1
bancobpi.pt,criteria.com,6
lacaixa.es,live.com,2
lacaixa.es,hotmail.com,153
lacaixa.es,sorea.cat,3
lacaixa.es,indracompany.com,2
lacaixa.es,condis.es,2
icaasp52.lacaixa.es,capgemini.com,1
lacaixa.es,tec,3
lacaixa.es,yahoo.es,29
lacaixa.es,jesuspastor.com,4
lacaixa.es,parcan.es,4
lacaixa.es,tenerife.es,7
lacaixa.es,catsa.com,1
lacaixa.es,gobiernodecanarias.org,5
lacaixa.es,ferrovial.es,1
lacaixa.es,medgaz.com,4
lacaixa.es,comsaemte.com,4
segurcaixaholding.com,eds.com,1
lacaixa.es,tarinas.cat,2
lacaixa.es,proimmo.cat,5
lacaixa.es,alpeactive.com,1
glc.es,capgemini.com,1
lacaixa.es,husa.es,1
lacaixa.es,applus.com,5
lacaixa.es,mcprocuradores.es,2
lacaixa.es,cablapalma.es,3
lacaixa.es,vidacaixa.,1
iemed.org,fundaciolacaixa.es,1
lacaixa.es,aroasesoramiento.es,1
lacaixa.es,cx.es.sogeti.com,6
segurcaixaholding.com,vidacaixa.com,6
lacaixa.es,hp.com;ju,3
lacaixa.es,h10.es,2
lacaixa.es,redexisgas.es,1
itnow.es,itnow.es,2
capgemini.com,capgemini.c,3
lacaixa.es,quiron.es,3
tecnocom.es,externos.itnow.es,2
lacaixa.es,indrabmb.es,3
lacaixa.es,proveedorex,1
lacaixa.es,gasnaturalfenosa.com,2
lacaixa.es,everis.com,1
mrxasp13.lacaixa.es,everis.com;<ajustament.garanti,2
lacaixa.es,uab.cat,1
telefonica.com,caixacard.net,1
lacaixa.es,concemad.es,8
lacaixa.es,procuradurialozano.es,2
lacaixa.es,grupobc.com,1
silk.es,insags.com,61
lacaixa.es,adeje.es,2
lacaixa.es,hotmail.fr,1
lacaixa.es,hp.co,2
lacaixa.es,mrxasp13.lacaixa.es,2
lacaixa.es,935637064,1
lacaixa.es,quimidroga.com,6
lacaixa.es,cofely-gdfsuez.com,6
lacaixa.es,mpintosabogados.com,2
viajeseci.es,criteria.com,2
lacaixa.es,panrico.com,7
lacaixa.es,mazonyasociados.es,2
lacaixa.es,ts.fujitsu.com;,6
silk.es,everis.com,5
lacaixa.es,maderas-quiros.es,1
lacaixa.es,inucoaching.es,2
lacaixa.es,gilzaballos.com,1
lacaixa.es,telefonica.es,7
chequegourmet.com,itnow.es,1
lacaixa.es,cfnavarra.es,6
lacaixa.es,gallinablancastar.com,2
lacaixa.es,cotasp02.lacaixa.es,2
lacaixa.es,fcc.es;dhe,1
mailing.intesasanpaolo.com,invercaixa.es,1
lacaixa.es,segurosol.com,1
lacaixa.es,arcovaloraciones.com,3
lacaixa.es,elacaixa.es,1
lacaixa.es,asip-sl.es,2
lacaixa.es,dyneff.es,4
lacaixa.es,hiansa.com,2
lacaixa.es,europastry.com,2
lacaixa.es,alumni.esade.edu,3
lacaixa.es,arucas.org,1
lacaixa.es,proveedorexterno.com,1
lacaixa.es,repsol.com,12
lacaixa.es,delioncom.co,3
lacaixa.es,grupovp.com,2
invercaixa.es,capgemini.com;franc,3
lacaixa.es,educacion.navarra.es,18
gdscusa.es,hotmail.es,1
lacaixa.es,portaventura.es,7
lacaixa.es,serviciosbancarios.com,89
lacaixa.es,tecnocom,2
lacaixa.es,eqesteve.com,5
lacaixa.es,eservicios.indracompany.com,2
lacaixa.es,estudiojuridicomm.es,1
lacaixa.es,enresa.es,2
lacaixa.es,segurcaixadeslas.es,2
lacaixa.es,gabinet-oliva.com,10
lacaixa.es,capgemini.es,7
lacaixa.es,manpower.es,4
lacaixa.es,ogilvy.com,2
lacaixa.es,telecable.es,2
lacaixa.es,centronature.es,2
lacaixa.es,vidacaixa.es,3
lacaixa.es,coiina.com,2
lacaixa.es,globalsteelwire.com,1
lacaixa.es,acciona.com,5
lacaixa.es,mutuauniversal.net,1
lacaixa.es,labco.eu,2
lacaixa.es,silk.es,21
lacaixa.es,canaragua.es,3
lacaixa.es,torraspapel.es,2
lacaixa.es,acuariosjesfer.com,1
glc.es,itnow.es,2
lacaixa.es,leioa.net,32
lacaixa.es,telefonica.com,12
indra.es,indrabmb.es,3
lacaixa.es,ingesba.com,2
lacaixa.es,promocaixa.es,2
lacaixa.es,invercaixa.es,4
lacaixa.es,trbasp01.lacaixa.es,7
lacaixa.es,valencia.es,3
lacaixa.es,principiosactivos.com,4
lacaixa.es,cerrajerosbarrera.com,2
lacaixa.es,microbanklacaixa.es,2
gdscusa.es,lacaixa.es,3
gdscusa.es,gdscusa.es,11
lacaixa.es,dreisl.es,4
fundacionlacaixa.es,criteria.com,2
lacaixa.es,hotmail.es,23
lacaixa.es,grupocobra.com,2
lacaixa.es,lac,1
segurcaixaholding.com,segurcaixaholding.com,2
esade.edu,itnow.es,1
lacaixa.es,gruposemi.com,6
lacaixa.es,aldesaconstrucciones.es,2
lacaixa.es,notin.net,1
lacaixa.es,itnow,2
lacaixa.es,segurcaixaholding.com,11
lacaixa.es,crisargi.com,2
lacaixa.es,vocento.com,1
lacaixa.es,hotelpalacebarcelona.com,4
telefonica.es,itnow.es,3
lacaixa.es,lacaixa.es;,2
accenture.com,itnow.es,27
lacaixa.es,mediamarkt.es,3
lacaixa.es,volotea.com,10
lacaixa.es,sil,1
gmail.com,gmail.com,15
lacaixa.es,iberia.es,1
lacaixa.es,mitfe.com,1
lacaixa.es,segurcaixaadeslas.es,52
lacaixa.es,pepejeans.com,7
lacaixa.es,tracasa.es,1
lacaixa.es,cajadeburgos.com,1
lacaixa.es,icam.es,7
lacaixa.es,uriach.com,3
lacaixa.es,ccriera.com,3
lacaixa.es,monseovp01.lacaixa.es,2
lacaixa.es,plusultra.es,2
lacaixa.es,es.cciberianpartners.com,1
lacaixa.es,teixido.net,15
lacaixa.es,cabalcs.es,6
lacaixa.es,st-tasacion.es,22
lacaixa.es,motorlandaragon.com,2
lacaixa.es,seg-social.es,1
lacaixa.es,saba.eu,8
lacaixa.es,ikea.com,7
lacaixa.es,amic.es,1
lacaixa.es,codorniu.es,2
lacaixa.es,buchplast.com,3
lacaixa.es,novagalicia.es,1
lacaixa.es,sedal.com,1
lacaixa.es,agrarsemillas.com,2
lacaixa.es,gmail.com,96
telefonica.es,externos.itnow.es,5
lacaixa.es,hp.com,64
lacaixa.es,concahigon.com,21
lacaixa.es,tecnocom.e,1
lacaixa.es,thecolomergroup.com,1
lacaixa.es,sacyr.com,5
lacaixa.es,conti.de,1
lacaixa.es,soviluz.com,2
proveedorexterno.com,gdscusa.e,1
lacaixa.es,lecta.com,11
lacaixa.es,itp.es,4
lacaixa.es,comerciaglobalpay.com,4
lacaixa.es,overon.es,5
lacaixa.es,ferrergrupo.com,2
lacaixa.es,sp.mee.com,1
lacaixa.es,lacaixa.es;dp,1
lacaixa.es,logiccontrol.es,35
